Air-Compressor,Air-Compressor-01,Alarm,ns=2;points/CO1$242eAlarm,float,20,influxdb
Air-Compressor,Air-Compressor-01,Alarm-Trip-Status,ns=2;points/CO$242e02TripCode,float,20,influxdb
Air-Compressor,Air-Compressor-01,Capacity,ns=2;points/C01$2420capacity,float,20,influxdb
Air-Compressor,Air-Compressor-01,Current,ns=2;points/C01$2420Current,float,20,influxdb
Air-Compressor,Air-Compressor-01,Inlet-Temperature,ns=2;points/Comp$242001$2420Air$2420Inlet$2420Temp,float,20,influxdb
Air-Compressor,Air-Compressor-01,No-Load,ns=2;points/CO1$242eLoaded$2420Operation,float,20,influxdb
Air-Compressor,Air-Compressor-01,Outlet-Pressure,ns=2;points/CO1$242eAirOutletPressure,float,20,influxdb
Air-Compressor,Air-Compressor-01,Status,ns=2;points/CO1$242eON$242eOFFStatus,float,20,influxdb
Air-Compressor,Air-Compressor-01,Unload,ns=2;points/CO1$242eNoemal$2420Operation,float,20,influxdb
Air-Compressor,Air-Compressor-01,Warning,ns=2;points/CO1$242eWarning,float,20,influxdb
Air-Compressor,Air-Compressor-02,Alarm,ns=2;points/COAlarm,float,20,influxdb
Air-Compressor,Air-Compressor-02,Alarm-Trip-Status,ns=2;points/CO$242e01TripCode,float,20,influxdb
Air-Compressor,Air-Compressor-02,Capacity,ns=2;points/C02$2420Capacity,float,20,influxdb
Air-Compressor,Air-Compressor-02,Current,ns=2;points/CO2$2420Current,float,20,influxdb
Air-Compressor,Air-Compressor-02,Inlet-Temperature,ns=2;points/C02$2420Intake$2420Temp1,float,20,influxdb
Air-Compressor,Air-Compressor-02,No-Load,ns=2;points/CO2$242eLoaded$2420Operetion,float,20,influxdb
Air-Compressor,Air-Compressor-02,Outlet-Pressure,ns=2;points/CO2$242eAirOutletPressure,float,20,influxdb
Air-Compressor,Air-Compressor-02,Status,ns=2;points/CO2$242eON$242eOFFStatus,float,20,influxdb
Air-Compressor,Air-Compressor-02,Unload,ns=2;points/CO2$242eNormal$2420Operation,float,20,influxdb
Air-Compressor,Air-Compressor-02,Warning,ns=2;points/CO2$242eWarning,float,20,influxdb
Air-Compressor,Dryer-01,Alarm,ns=2;points/Dryer01CommenAlarm,float,20,influxdb
Air-Compressor,Dryer-01,Status,ns=2;points/Dryer01Stop,float,20,influxdb
Air-Compressor,Dryer-02,Alarm,ns=2;points/Dryer02CommenAlarm,float,20,influxdb
Air-Compressor,Dryer-02,Status,ns=2;points/Dryer02ONOFFStatus,float,20,influxdb
Boiler,Boiler,Burner,ns=2;points/BurnerONOFFStatus,float,20,influxdb
Boiler,Boiler,Condensate-Return-Temperature,ns=2;points/Cond$242e$2420ReturnTemp,float,20,influxdb
Boiler,Boiler,Exhaust-Oxygen-Percentage,ns=2;points/ExaustO2level,float,20,influxdb
Boiler,Boiler,Exhaust-Temperature,ns=2;points/ExaustTemp,float,20,influxdb
Boiler,Boiler,Flame,ns=2;points/FlameTimerONOFFStatus,float,20,influxdb
Boiler,Boiler,Furnace-Oil-Flow-Rate,ns=2;points/FurnceOilFlowRate,float,20,influxdb
Boiler,Boiler,Furnace-Oil-Total-Flow,ns=2;points/FurnaceOilFlow$24201,float,20,influxdb
Boiler,Boiler,Oxygen-Level,ns=2;points/BoilerO2Level,float,20,influxdb
Boiler,Boiler,Room-Temperature,ns=2;points/Boiler$2420Room$2420Temp,float,20,influxdb
Boiler,Boiler,Steam-Pressure,ns=2;points/SteamPressure,float,20,influxdb
Boiler,Boiler,Steam-Temperature,ns=2;points/SteamTemperature,float,20,influxdb
Boiler,Boiler,Tripped,ns=2;points/BoilerTripStatus,float,20,influxdb
Boiler,Boiler,Water-Flow-Rate,ns=2;points/WaterFlowRate,float,20,influxdb
Boiler,Boiler,Water-Level-Alarm,ns=2;points/BoilerWaterLevelAlarm,float,20,influxdb
Boiler,Boiler,Water-Tank-Level,ns=2;points/WaterTankLevel,float,20,influxdb
Boiler,CIP-Flow-Meter,CIP-Station-Steam-Flow-Rate,ns=2;points/CIPStationlFlowRate,float,20,influxdb
Boiler,CIP-Flow-Meter,CIP-Station-Total-Steam-Consumption,ns=2;points/CIPStationTotalFlow,float,20,influxdb
Boiler,Feed-Water-Tank,Feed-Water-Consumption,ns=2;points/WaterFlowmeterReading,float,20,influxdb
Boiler,Feed-Water-Tank,High-Level,ns=2;points/HWTank$2420top$2420level,float,20,influxdb
Boiler,Feed-Water-Tank,Low-Level,ns=2;points/HWTank$2420Botom$2420level,float,20,influxdb
Boiler,Hot-Water-Section-Flow-Meter,Hot-Water-Station-Steam-Consumption,ns=2;points/HotWaterStationTotalFlow,float,20,influxdb
Boiler,Hot-Water-Section-Flow-Meter,Hot-Water-Station-Steam-Flow-Rate,ns=2;points/HotWaterStationFlowRate,float,20,influxdb
Boiler,Main-Flow-Meter,Main-Steam-Consumption,ns=2;points/SteamTotalFlow,float,20,influxdb
Boiler,Pasturizer-Flow-Meter,Pasturiser-&-Milk-Section-Steam-Consumption,ns=2;points/Milk$2426PasteurizerTotalFlow,float,20,influxdb
Boiler,Pasturizer-Flow-Meter,Pasturiser-&-Milk-Section-Steam-Flow-Rate,ns=2;points/Milk$2426PasteurizerFlowRate,float,20,influxdb
Electrical,Electrical-01MDB01,Incoming-ACB-Status,ns=2;points/IncomingBreakerON$242eOFFStatus,float,20,influxdb
Electrical,Electrical-01MDB01,Incoming-ACB-Trip-Status,ns=2;points/IncomingBreakerTripStates,float,20,influxdb
Electrical,Electrical-02MDB02,Phase-A-Voltage,ns=2;points/PM1$242eVoltageA$242dN1,float,20,influxdb
Electrical,Electrical-02MDB02,Phase-B-Voltage,ns=2;points/PM1$242eVoltageB$242dN2,float,20,influxdb
Electrical,Electrical-02MDB02,Phase-C-Voltage,ns=2;points/PM1$242eVoltageC$242dN2,float,20,influxdb
Electrical,Electrical-Air-Compressor,Active-Power,ns=2;points/PM8$242eActivePowerTotal2,float,20,influxdb
Electrical,Electrical-Air-Compressor,Energy,ns=2;points/PM8$242eEnergy2,float,20,influxdb
Electrical,Electrical-Air-Compressor,Maximum-Demand,ns=2;points/PM8$242ePeakDemand2,float,20,influxdb
Electrical,Electrical-Air-Compressor,Power-factor,ns=2;points/PM8$242ePowerFactor,float,20,influxdb
Electrical,Electrical-A-Office,03LP1-Main-Guard-House-Energy,ns=2;points/PM7$242eEnergy2,float,20,influxdb
Electrical,Electrical-A-Office,AMCC108-HVAC-Active-Power,ns=2;points/PM5$242eActivePowerTotal2,float,20,influxdb
Electrical,Electrical-A-Office,AMCC-108--HVAC-Energy,ns=2;points/PM5$242eEnergy2,float,20,influxdb
Electrical,Electrical-A-Office,AMCC108-HVAC--Peak-Demand,ns=2;points/PM5$242ePeakDemand2,float,20,influxdb
Electrical,Electrical-A-Office,General-Energy,ns=2;points/PM26$242eEnergy,float,20,influxdb
Electrical,Electrical-A-Office,General-Power-Maximum-Demand,ns=2;points/PM26$242ePeakDemand,float,20,influxdb
Electrical,Electrical-A-Office,General-Power,ns=2;points/PM26$242eActivePowerTotal1,float,20,influxdb
Electrical,Electrical-A-Office,General-Power-Power-Factor,ns=2;points/PM26$242ePowerFactor,float,20,influxdb
Electrical,Electrical-A-Office,Incoming-Active-Power,ns=2;points/PM1$242eActivePowerTotal2,float,20,influxdb
Electrical,Electrical-A-Office,Incoming-Energy,ns=2;points/PM1$242eEnergy2,float,20,influxdb
Electrical,Electrical-A-Office,Incoming-Peak-Demand,ns=2;points/PM1$242ePeakDemand2,float,20,influxdb
Electrical,Electrical-A-Office,LP101-Lighting-Active-Power,ns=2;points/PM2$242eActivePowerTotal2,float,20,influxdb
Electrical,Electrical-A-Office,LP-101-Lighting-Energy,ns=2;points/PM2$242eEnergy2,float,20,influxdb
Electrical,Electrical-A-Office,LP101-Lighting-Peak-Demand,ns=2;points/PM2$242ePeakDemand2,float,20,influxdb
Electrical,Electrical-A-Office,LP102-Power-Outlets-Active-Power,ns=2;points/PM3$242eActivePowerTotal2,float,20,influxdb
Electrical,Electrical-A-Office,LP-102-Power-Outlets-Energy,ns=2;points/PM3$242eEnergy2,float,20,influxdb
Electrical,Electrical-A-Office,LP102-Power-Outlets-Peak-Demand,ns=2;points/PM3$242ePeakDemand2,float,20,influxdb
Electrical,Electrical-A-Office,LP103-HVAC-Active-Power,ns=2;points/PM4$242eActivePowerTotal3,float,20,influxdb
Electrical,Electrical-A-Office,LP-103-HVAC-Energy,ns=2;points/PM4$242eEnergy2,float,20,influxdb
Electrical,Electrical-A-Office,LP103-HVAC-Peak-Demand,ns=2;points/PM4$242ePeakDemand4,float,20,influxdb
Electrical,Electrical-A-Office,UPS-02-Server-Room-Active-Power,ns=2;points/PM6$242eActivePowerTotal2,float,20,influxdb
Electrical,Electrical-A-Office,UPS02-Server-Room--Energy,ns=2;points/PM6$242eEnergy2,float,20,influxdb
Electrical,Electrical-A-Office,UPS-02-Server-Room-Peak-Demand,ns=2;points/PM6$242ePeakDemand2,float,20,influxdb
Electrical,Electrical-Boiler,Active-Power,ns=2;points/PM7$242eActivePowerTotal3,float,20,influxdb
Electrical,Electrical-Boiler,Energy,ns=2;points/PM7$242eEnergy3,float,20,influxdb
Electrical,Electrical-Boiler,Maximum-Demand,ns=2;points/PM7$242ePeakDemand3,float,20,influxdb
Electrical,Electrical-Boiler,Power-Factor,ns=2;points/PM7$242ePowerFactor,float,20,influxdb
Electrical,Electrical-Bus-Coupler,Trip-Status,ns=2;points/$24302MDB02BusCouplerBreakerON$242eOFFStatus,float,20,influxdb
Electrical,Electrical-Chiller-01,Energy,ns=2;points/PM16$242eEnergy1,float,20,influxdb
Electrical,Electrical-Chiller-01,Maximum-Demand,ns=2;points/PM16$242ePeakDemand1,float,20,influxdb
Electrical,Electrical-Chiller-01,Power-Factor,ns=2;points/PM16$242ePowerFactor,float,20,influxdb
Electrical,Electrical-Chiller-01,Power,ns=2;points/PM16$242eActivePowerTotal1,float,20,influxdb
Electrical,Electrical-Chiller-02,Energy,ns=2;points/PM15$242eEnergy1,float,20,influxdb
Electrical,Electrical-Chiller-02,Maximum-Demand,ns=2;points/PM15$242ePeakDemand1,float,20,influxdb
Electrical,Electrical-Chiller-02,Power-Factor,ns=2;points/PM15$242ePowerFactor,float,20,influxdb
Electrical,Electrical-Chiller-02,Power,ns=2;points/PM15$242eActivePowerTotal1,float,20,influxdb
Electrical,Electrical-Chocolate-Plant,AHU-Energy,ns=2;points/PM19$242eEnergy1,float,20,influxdb
Electrical,Electrical-Chocolate-Plant,AHU-Maximum-Demand,ns=2;points/PM19$242ePeakDemand1,float,20,influxdb
Electrical,Electrical-Chocolate-Plant,AHU-Power-Factor,ns=2;points/PM19$242ePowerFactor,float,20,influxdb
Electrical,Electrical-Chocolate-Plant,AHU-Power,ns=2;points/PM19$242eActivePowerTotal1,float,20,influxdb
Electrical,Electrical-Chocolate-Plant,Chocolate-Processing-Active-Power,ns=2;points/PM47$242eActivePowerTotal,float,20,influxdb
Electrical,Electrical-Chocolate-Plant,Chocolate-Processing-Energy,ns=2;points/PM47$242eEnergy,float,20,influxdb
Electrical,Electrical-Chocolate-Plant,Chocolate-Processing-Peak-Demand,ns=2;points/PM47$242ePeakDemand,float,20,influxdb
Electrical,Electrical-Chocolate-Plant,Chocolate-Tank-01-Active-Power,ns=2;points/PM48$242eActivePowerTotal,float,20,influxdb
Electrical,Electrical-Chocolate-Plant,Chocolate-Tank-01-Energy,ns=2;points/PM48$242eEnergy,float,20,influxdb
Electrical,Electrical-Chocolate-Plant,Chocolate-Tank-01-Peak-Demand,ns=2;points/PM48$242ePeakDemand,float,20,influxdb
Electrical,Electrical-Chocolate-Plant,Chocolate-Tank-02-Active-Power,ns=2;points/PM49$242eActivePowerTotal,float,20,influxdb
Electrical,Electrical-Chocolate-Plant,Chocolate-Tank-02-Energy,ns=2;points/PM49$242eEnergy,float,20,influxdb
Electrical,Electrical-Chocolate-Plant,Chocolate-Tank-02-Peak-Demand,ns=2;points/PM49$242ePeakDemand,float,20,influxdb
Electrical,Electrical-Chocolate-Plant,Chocolate-Tank-03-Active-Power,ns=2;points/PM50$242eActivePowerTotal,float,20,influxdb
Electrical,Electrical-Chocolate-Plant,Chocolate-Tank-03-Energy,ns=2;points/PM50$242eEnergy,float,20,influxdb
Electrical,Electrical-Chocolate-Plant,Chocolate-Tank-03-Peak-Demand,ns=2;points/PM50$242ePeakDemand,float,20,influxdb
Electrical,Electrical-Chocolate-Plant,Energy,ns=2;points/PM28$242eEnergy,float,20,influxdb
Electrical,Electrical-Chocolate-Plant,Maximum-Demand,ns=2;points/PM28$242ePeakDemand,float,20,influxdb
Electrical,Electrical-Chocolate-Plant,Power-Factor,ns=2;points/PM28$242ePowerFactor,float,20,influxdb
Electrical,Electrical-Chocolate-Plant,Power,ns=2;points/PM28$242eActivePowerTotal1,float,20,influxdb
Electrical,Electrical-Cone-Bakery,Batter-Mixer-Active-Power,ns=2;points/PM52$242eActivePowerTotal,float,20,influxdb
Electrical,Electrical-Cone-Bakery,Batter-Mixer-Energy,ns=2;points/PM52$242eEnergy,float,20,influxdb
Electrical,Electrical-Cone-Bakery,Batter-Mixer-Peak-Demand,ns=2;points/PM52$242ePeakDemand,float,20,influxdb
Electrical,Electrical-Cone-Bakery,Cone-Bakery-Machine-Active-Power,ns=2;points/PM53$242eActivePowerTotal,float,20,influxdb
Electrical,Electrical-Cone-Bakery,Cone-Bakery-Machine-Energy,ns=2;points/PM53$242eEnergy,float,20,influxdb
Electrical,Electrical-Cone-Bakery,Cone-Bakery-Machine-Peak-Demand,ns=2;points/PM53$242ePeakDemand,float,20,influxdb
Electrical,Electrical-Cone-Bakery,Energy,ns=2;points/PM31$242eEnergy,float,20,influxdb
Electrical,Electrical-Cone-Bakery,Maximum-Demand,ns=2;points/PM31$242ePeakDemand,float,20,influxdb
Electrical,Electrical-Cone-Bakery,Power-Factor,ns=2;points/PM31$242ePowerFactor,float,20,influxdb
Electrical,Electrical-Cone-Bakery,Power,ns=2;points/PM31$242eActivePowerTotal1,float,20,influxdb
Electrical,Electrical-Fire-System,Active-Power,ns=2;points/PM1$242eActivePowerTotal3,float,20,influxdb
Electrical,Electrical-Fire-System,Energy,ns=2;points/PM1$242eEnergy3,float,20,influxdb
Electrical,Electrical-Fire-System,Peak-Demand,ns=2;points/PM1$242ePeakDemand3,float,20,influxdb
Electrical,Electrical-Generator-01,Active-Power,ns=2;points/PM4$242eActivePowerTotal4,float,20,influxdb
Electrical,Electrical-Generator-01,Energy,ns=2;points/PM4$242eEnergy3,float,20,influxdb
Electrical,Electrical-Generator-01,Frequency,ns=2;points/PM4$242e02MDB01$242eGEN$2420Frequency,float,20,influxdb
Electrical,Electrical-Generator-01,Maximum-demand,ns=2;points/PM4$242ePeakDemand5,float,20,influxdb
Electrical,Electrical-Generator-01,Phase-A-Voltage,ns=2;points/PM4$242eVoltageA$242dN2,float,20,influxdb
Electrical,Electrical-Generator-01,Phase-B-Voltage,ns=2;points/PM4$242eVoltageB$242dN2,float,20,influxdb
Electrical,Electrical-Generator-01,Phase-C-Voltage,ns=2;points/PM4$242eVoltageC$242dN2,float,20,influxdb
Electrical,Electrical-Generator-01,Power-Factor,ns=2;points/GEN$2420PowerFactor,float,20,influxdb
Electrical,Electrical-Generator-01,Power-factor,ns=2;points/PM4$242ePowerFactor,float,20,influxdb
Electrical,Electrical-Generator-01,Status,ns=2;points/$24302MDB01GEN$242eBreakerON$242eOFFStatus,float,20,influxdb
Electrical,Electrical-Generator-01,Trip-Status,ns=2;points/$24302MDB01GEN$242eBreakerTripStatus,float,20,influxdb
Electrical,Electrical-Generator-02,Active-Power,ns=2;points/PM17$242eActivePowerTotal2,float,20,influxdb
Electrical,Electrical-Generator-02,Energy,ns=2;points/PM17$242eEnergy2,float,20,influxdb
Electrical,Electrical-Generator-02,Frequency,ns=2;points/PM17$242e02MDB02$242eGEN$2420Ferquency,float,20,influxdb
Electrical,Electrical-Generator-02,Maximum-Demand,ns=2;points/PM17$242ePeakDemand2,float,20,influxdb
Electrical,Electrical-Generator-02,Phase-A-Voltage,ns=2;points/PM17$242eVoltageA$242dN,float,20,influxdb
Electrical,Electrical-Generator-02,Phase-B-Voltage,ns=2;points/PM17$242eVoltageB$242dN,float,20,influxdb
Electrical,Electrical-Generator-02,Phase-C-Voltage,ns=2;points/PM17$242eVoltageC$242dN,float,20,influxdb
Electrical,Electrical-Generator-02,Status,ns=2;points/$24302MDB02GEN$242eBreakerON$242eOFFStatus,float,20,influxdb
Electrical,Electrical-Generator-02,Trip-Status,ns=2;points/$24302MDB02GEN$242eBreakerTripStatus,float,20,influxdb
Electrical,Electrical-Hot-Water-System,Energy,ns=2;points/PM18$242eEnergy1,float,20,influxdb
Electrical,Electrical-Hot-Water-System,Maximum-Demand,ns=2;points/PM18$242ePeakDemand1,float,20,influxdb
Electrical,Electrical-Hot-Water-System,Power-Factor,ns=2;points/PM18$242ePowerFactor,float,20,influxdb
Electrical,Electrical-Hot-Water-System,Power,ns=2;points/PM18$242eActivePowerTotal1,float,20,influxdb
Electrical,Electrical-Ice-Water-System,Energy,ns=2;points/PM27$242eEnergy,float,20,influxdb
Electrical,Electrical-Ice-Water-System,Maximum-Demand,ns=2;points/PM27$242eActivePowerTotal1,float,20,influxdb
Electrical,Electrical-Ice-Water-System,Power-Factor,ns=2;points/PM27$242ePowerFactor,float,20,influxdb
Electrical,Electrical-Ice-Water-System,Power,ns=2;points/PM27$242ePeakDemand,float,20,influxdb
Electrical,Electrical-Mixing-Plant,Energy-1,ns=2;points/PM32$242eEnergy,float,20,influxdb
Electrical,Electrical-Mixing-Plant,Energy-2,ns=2;points/PM34$242eEnergy,float,20,influxdb
Electrical,Electrical-Mixing-Plant,Maximum-Demand-1,ns=2;points/PM32$242ePeakDemand,float,20,influxdb
Electrical,Electrical-Mixing-Plant,Maximum-Demand-2,ns=2;points/PM34$242ePeakDemand,float,20,influxdb
Electrical,Electrical-Mixing-Plant,Power-1,ns=2;points/PM32$242eActivePowerTotal1,float,20,influxdb
Electrical,Electrical-Mixing-Plant,Power-2,ns=2;points/PM34$242eActivePowerTotal1,float,20,influxdb
Electrical,Electrical-Mixing-Plant,Power-Factor-1,ns=2;points/PM32$242ePowerFactor,float,20,influxdb
Electrical,Electrical-Mixing-Plant,Power-Factor-2,ns=2;points/PM34$242ePowerFactor,float,20,influxdb
Electrical,Electrical-MV-Switchgear,CEB-In-Status,ns=2;points/Incomming$2420Braker$2428CEB$2429ONOFFStatus,float,20,influxdb
Electrical,Electrical-MV-Switchgear,CEB-In-Trip-Status,ns=2;points/Incomming$2420Braker$2428CEB$2429TripStatus,float,20,influxdb
Electrical,Electrical-MV-Switchgear-Meter,Active-Power,ns=2;points/PM18$242eActivePowerTotal2,float,20,influxdb
Electrical,Electrical-MV-Switchgear-Meter,Apparent-Power,ns=2;points/MVSG$2420ApprentPower,float,20,influxdb
Electrical,Electrical-MV-Switchgear-Meter,Average-Current,ns=2;points/PM18$242eCurrentAvg2,float,20,influxdb
Electrical,Electrical-MV-Switchgear-Meter,Energy,ns=2;points/PM18$242eEnergy2,float,20,influxdb
Electrical,Electrical-MV-Switchgear-Meter,Frequency,ns=2;points/PM18$242eMVSG$2420Ferquency,float,20,influxdb
Electrical,Electrical-MV-Switchgear-Meter,Last-Demand,ns=2;points/Last$2420Demand$242dMV,float,20,influxdb
Electrical,Electrical-MV-Switchgear-Meter,Peak-Demand,ns=2;points/PM18$242ePeakDemand2,float,20,influxdb
Electrical,Electrical-MV-Switchgear-Meter,Phase-A-Voltage,ns=2;points/PM18$242eVoltageA$242dN,float,20,influxdb
Electrical,Electrical-MV-Switchgear-Meter,Phase-B-Voltage,ns=2;points/PM18$242eVoltageB$242dN,float,20,influxdb
Electrical,Electrical-MV-Switchgear-Meter,Phase-C-Voltage,ns=2;points/PM18$242eVoltageC$242dN,float,20,influxdb
Electrical,Electrical-MV-Switchgear-Meter,Power-factor,ns=2;points/PM18$242eMVSG$2420PowerFactor,float,20,influxdb
Electrical,Electrical-MV-Switchgear-Meter,Status,ns=2;points/MVSG$2420ONOFFStatus,float,20,influxdb
Electrical,Electrical-MV-Switchgear,Transformer-01-Status,ns=2;points/OutgoingBreaker01ONOFFStatus,float,20,influxdb
Electrical,Electrical-MV-Switchgear,Transformer-01-Trip-Status,ns=2;points/OutgoingBreaker01TripStatus,float,20,influxdb
Electrical,Electrical-MV-Switchgear,Transformer-02-Status,ns=2;points/OutgoingBreaker02ONOFFStatus,float,20,influxdb
Electrical,Electrical-MV-Switchgear,Transformer-02-Trip-Status,ns=2;points/OutgoingBreaker02TripStatus,float,20,influxdb
Electrical,Electrical-P1-Processing,Energy,ns=2;points/PM23$242eEnergy,float,20,influxdb
Electrical,Electrical-P1-Processing,Incoming-Active-Power,ns=2;points/PM5$242eActivePowerTotal,float,20,influxdb
Electrical,Electrical-P1-Processing,Incoming-Energy,ns=2;points/PM5$242eEnergy,float,20,influxdb
Electrical,Electrical-P1-Processing,Incoming-Peak-Demand,ns=2;points/PM5$242ePeakDemand,float,20,influxdb
Electrical,Electrical-P1-Processing,LP101-Lighting-Active-Power,ns=2;points/PM4$242eActivePowerTotal,float,20,influxdb
Electrical,Electrical-P1-Processing,LP101-Lighting-Energy,ns=2;points/PM4$242eEnergy,float,20,influxdb
Electrical,Electrical-P1-Processing,LP101-Lighting-Maximum-Demand,ns=2;points/PM4$242ePeakDemand,float,20,influxdb
Electrical,Electrical-P1-Processing,LP102-Power-Outlets-Active-Power,ns=2;points/PM3$242eActivePowerTotal,float,20,influxdb
Electrical,Electrical-P1-Processing,LP102-Power-Outlets-Energy,ns=2;points/PM3$242eEnergy,float,20,influxdb
Electrical,Electrical-P1-Processing,LP102-Power-Outlets-Maximum-Demand,ns=2;points/PM3$242ePeakDemand,float,20,influxdb
Electrical,Electrical-P1-Processing,LP103-Active-Power,ns=2;points/PM2$242eEnergy,float,20,influxdb
Electrical,Electrical-P1-Processing,LP103-Peak-Demand,ns=2;points/PM2$242ePeakDemand,float,20,influxdb
Electrical,Electrical-P1-Processing,LP103-Power-Outlets-Energy,ns=2;points/PM2$242eActivePowerTotal,float,20,influxdb
Electrical,Electrical-P1-Processing,LP104-Active-Power,ns=2;points/PM1$242eActivePowerTotal,float,20,influxdb
Electrical,Electrical-P1-Processing,LP104-Lighting-Energy,ns=2;points/PM1$242eEnergy,float,20,influxdb
Electrical,Electrical-P1-Processing,LP104-Peak-Demand,ns=2;points/PM1$242ePeakDemand,float,20,influxdb
Electrical,Electrical-P1-Processing,LP105-Power-Outlets-Active-Power,ns=2;points/PM6$242eActivePowerTotal,float,20,influxdb
Electrical,Electrical-P1-Processing,LP105-Power-Outlets-Energy,ns=2;points/PM6$242eEnergy,float,20,influxdb
Electrical,Electrical-P1-Processing,LP105-Power-Outlets-Maximum-Demand,ns=2;points/PM6$242ePeakDemand,float,20,influxdb
Electrical,Electrical-P1-Processing,LP106-Door-Active-Power,ns=2;points/PM7$242eActivePowerTotal,float,20,influxdb
Electrical,Electrical-P1-Processing,LP106-Door-Energy,ns=2;points/PM7$242eEnergy,float,20,influxdb
Electrical,Electrical-P1-Processing,LP106-Door-Maximum-Demand,ns=2;points/PM7$242ePeakDemand,float,20,influxdb
Electrical,Electrical-P1-Processing,LP107-Battery-Charging-Active-Power,ns=2;points/PM8$242eActivePowerTotal,float,20,influxdb
Electrical,Electrical-P1-Processing,LP107-Battery-Charging-Energy,ns=2;points/PM8$242eEnergy,float,20,influxdb
Electrical,Electrical-P1-Processing,LP107-Battery-Charging-Peak-Demand,ns=2;points/PM8$242ePeakDemand,float,20,influxdb
Electrical,Electrical-P1-Processing,LP108-HVAC-Active-Power,ns=2;points/PM9$242eActivePowerTotal,float,20,influxdb
Electrical,Electrical-P1-Processing,LP108-HVAC-Energy,ns=2;points/PM9$242eEnergy,float,20,influxdb
Electrical,Electrical-P1-Processing,LP108-HVAC-Maximum-Demand,ns=2;points/PM9$242ePeakDemand,float,20,influxdb
Electrical,Electrical-P1-Processing,LP109-HVAC-Active-Power,ns=2;points/PM10$242eActivePowerTotal,float,20,influxdb
Electrical,Electrical-P1-Processing,LP109-HVAC-Energy,ns=2;points/PM10$242eEnergy,float,20,influxdb
Electrical,Electrical-P1-Processing,LP109-HVAC-Maximum-Demand,ns=2;points/PM10$242ePeakDemand,float,20,influxdb
Electrical,Electrical-P1-Processing,LP110-HVAC-Active-Power,ns=2;points/PM11$242eActivePowerTotal,float,20,influxdb
Electrical,Electrical-P1-Processing,LP110-HVAC-Energy,ns=2;points/PM11$242eEnergy,float,20,influxdb
Electrical,Electrical-P1-Processing,LP110-HVAC-Maximum-Demand,ns=2;points/PM11$242ePeakDemand,float,20,influxdb
Electrical,Electrical-P1-Processing,LP111-HVAC-Active-Power,ns=2;points/PM12$242eActivePowerTotal,float,20,influxdb
Electrical,Electrical-P1-Processing,LP111-HVAC-Energy,ns=2;points/PM12$242eEnergy,float,20,influxdb
Electrical,Electrical-P1-Processing,LP111-HVAC-Maximum-Demand,ns=2;points/PM12$242ePeakDemand,float,20,influxdb
Electrical,Electrical-P1-Processing,Maximum-Demand,ns=2;points/PM23$242ePeakDemand,float,20,influxdb
Electrical,Electrical-P1-Processing,Power-Factor,ns=2;points/PM23$242ePowerFactor,float,20,influxdb
Electrical,Electrical-P1-Processing,Power,ns=2;points/PM23$242eActivePowerTotal1,float,20,influxdb
Electrical,Electrical-P1-Processing,UPS-Mixing-Area-Control-Active-Power,ns=2;points/PM13$242eActivePowerTotal,float,20,influxdb
Electrical,Electrical-P1-Processing,UPS-Mixing-Area-Control-Energy,ns=2;points/PM13$242eEnergy,float,20,influxdb
Electrical,Electrical-P1-Processing,UPS-Mixing-Area-Control-Peak-Demand,ns=2;points/PM13$242ePeakDemand,float,20,influxdb
Electrical,Electrical-P3-Production,Energy,ns=2;points/PM24$242eEnergy,float,20,influxdb
Electrical,Electrical-P3-Production,Incoming-Active-Power,ns=2;points/PM1$242eActivePowerTotal1,float,20,influxdb
Electrical,Electrical-P3-Production,Incoming-Energy,ns=2;points/PM1$242eEnergy1,float,20,influxdb
Electrical,Electrical-P3-Production,Incoming-Peak-Demand,ns=2;points/PM1$242ePeakDemand1,float,20,influxdb
Electrical,Electrical-P3-Production,LP101-Lighting-Active-Power,ns=2;points/PM2$242eActivePowerTotal1,float,20,influxdb
Electrical,Electrical-P3-Production,LP-101-Lighting-Energy,ns=2;points/PM2$242eEnergy1,float,20,influxdb
Electrical,Electrical-P3-Production,LP101-Lighting-Peak-Demand,ns=2;points/PM2$242ePeakDemand1,float,20,influxdb
Electrical,Electrical-P3-Production,LP102-Power-Outlets-Active-Power,ns=2;points/PM3$242eActivePowerTotal1,float,20,influxdb
Electrical,Electrical-P3-Production,LP-102-Power-Outlets-Energy,ns=2;points/PM3$242eEnergy1,float,20,influxdb
Electrical,Electrical-P3-Production,LP102-Power-Outlets-Peak-Demand,ns=2;points/PM3$242ePeakDemand1,float,20,influxdb
Electrical,Electrical-P3-Production,LP103-HVAC-Active-Power,ns=2;points/PM4$242eActivePowerTotal2,float,20,influxdb
Electrical,Electrical-P3-Production,LP-103-HVAC-Energy,ns=2;points/PM4$242eEnergy1,float,20,influxdb
Electrical,Electrical-P3-Production,LP103-HVAC-Peak-Demand,ns=2;points/PM4$242ePeakDemand3,float,20,influxdb
Electrical,Electrical-P3-Production,LP104-Lighting-Active-Power,ns=2;points/PM5$242eActivePowerTotal1,float,20,influxdb
Electrical,Electrical-P3-Production,LP-104-Lighting-Energy,ns=2;points/PM5$242eEnergy1,float,20,influxdb
Electrical,Electrical-P3-Production,LP104-Lighting-Peak-Demand,ns=2;points/PM5$242ePeakDemand1,float,20,influxdb
Electrical,Electrical-P3-Production,LP106-Doors-&-Industrial-Sockets-Active-Power,ns=2;points/PM6$242eActivePowerTotal1,float,20,influxdb
Electrical,Electrical-P3-Production,LP-106-Doors-&-Industrial-Sockets-Energy,ns=2;points/PM6$242eEnergy1,float,20,influxdb
Electrical,Electrical-P3-Production,LP106-Doors-&-Industrial-Sockets-Peak-Demand,ns=2;points/PM6$242ePeakDemand1,float,20,influxdb
Electrical,Electrical-P3-Production,LP107-LightingActive-Power,ns=2;points/PM7$242eActivePowerTotal1,float,20,influxdb
Electrical,Electrical-P3-Production,LP-107-Lighting-Energy,ns=2;points/PM7$242eEnergy1,float,20,influxdb
Electrical,Electrical-P3-Production,LP107-LightingPeak-Demand,ns=2;points/PM7$242ePeakDemand1,float,20,influxdb
Electrical,Electrical-P3-Production,Maximum-Demand,ns=2;points/PM24$242ePeakDemand,float,20,influxdb
Electrical,Electrical-P3-Production,Power-Factor,ns=2;points/PM24$242ePowerFactor,float,20,influxdb
Electrical,Electrical-P3-Production,Power,ns=2;points/PM24$242eActivePowerTotal1,float,20,influxdb
Electrical,Electrical-P4-Cold-Room,AMCC-112-HVAC-Active-Power,ns=2;points/PM16$242ePeakDemand2,float,20,influxdb
Electrical,Electrical-P4-Cold-Room,AMCC-112-HVAC-Energy,ns=2;points/PM16$242eEnergy2,float,20,influxdb
Electrical,Electrical-P4-Cold-Room,AMCC-112-HVAC-Peak-Demand,ns=2;points/PM9$242ePeakDemand1,float,20,influxdb
Electrical,Electrical-P4-Cold-Room,Energy,ns=2;points/PM25$242eEnergy,float,20,influxdb
Electrical,Electrical-P4-Cold-Room,Incoming-Active-Power,ns=2;points/PM8$242eActivePowerTotal1,float,20,influxdb
Electrical,Electrical-P4-Cold-Room,Incoming-Energy,ns=2;points/PM8$242eEnergy1,float,20,influxdb
Electrical,Electrical-P4-Cold-Room,Incoming-Peak-Demand,ns=2;points/PM8$242ePeakDemand1,float,20,influxdb
Electrical,Electrical-P4-Cold-Room,LP101-Lighting-Active-Power,ns=2;points/PM9$242eActivePowerTotal1,float,20,influxdb
Electrical,Electrical-P4-Cold-Room,LP-101-Lighting-Energy,ns=2;points/PM9$242eEnergy1,float,20,influxdb
Electrical,Electrical-P4-Cold-Room,LP101-Lighting-Peak-Demand,ns=2;points/PM10$242eActivePowerTotal1,float,20,influxdb
Electrical,Electrical-P4-Cold-Room,LP102-Power-Outlets-Active-Power,ns=2;points/PM10$242ePeakDemand1,float,20,influxdb
Electrical,Electrical-P4-Cold-Room,LP-102-Power-Outlets-Energy,ns=2;points/PM10$242eEnergy1,float,20,influxdb
Electrical,Electrical-P4-Cold-Room,LP102-Power-Outlets-Peak-Demand,ns=2;points/PM11$242eActivePowerTotal1,float,20,influxdb
Electrical,Electrical-P4-Cold-Room,LP103-Loading-Bays-Active-Power,ns=2;points/PM11$242ePeakDemand1,float,20,influxdb
Electrical,Electrical-P4-Cold-Room,LP-103-Loading-Bays-Energy,ns=2;points/PM11$242eEnergy1,float,20,influxdb
Electrical,Electrical-P4-Cold-Room,LP103-Loading-Bays-Peak-Demand,ns=2;points/PM12$242eActivePowerTotal1,float,20,influxdb
Electrical,Electrical-P4-Cold-Room,LP104-Cold-room-equipment-Active-Power,ns=2;points/PM12$242ePeakDemand1,float,20,influxdb
Electrical,Electrical-P4-Cold-Room,LP-104-Cold-room-equipment-Energy,ns=2;points/PM12$242eEnergy1,float,20,influxdb
Electrical,Electrical-P4-Cold-Room,LP104-Cold-room-equipment-Peak-Demand,ns=2;points/PM13$242eActivePowerTotal1,float,20,influxdb
Electrical,Electrical-P4-Cold-Room,LP105-Truck-&-Battery-Charging-Active-Power,ns=2;points/PM13$242ePeakDemand1,float,20,influxdb
Electrical,Electrical-P4-Cold-Room,LP-105-Truck-&-Battery-Charging-Energy,ns=2;points/PM13$242eEnergy1,float,20,influxdb
Electrical,Electrical-P4-Cold-Room,LP105-Truck-&-Battery-Charging-Peak-Demand,ns=2;points/PM14$242eActivePowerTotal2,float,20,influxdb
Electrical,Electrical-P4-Cold-Room,LP-106-Energy-Office,ns=2;points/PM14$242eEnergy2,float,20,influxdb
Electrical,Electrical-P4-Cold-Room,LP106-Office-Active-Power,ns=2;points/PM14$242ePeakDemand2,float,20,influxdb
Electrical,Electrical-P4-Cold-Room,LP106-Office-Peak-Demand,ns=2;points/PM15$242eActivePowerTotal2,float,20,influxdb
Electrical,Electrical-P4-Cold-Room,LP107-Spare-Active-Power,ns=2;points/PM15$242ePeakDemand2,float,20,influxdb
Electrical,Electrical-P4-Cold-Room,LP-107-Spare-Energy,ns=2;points/PM15$242eEnergy2,float,20,influxdb
Electrical,Electrical-P4-Cold-Room,LP107-Spare-Peak-Demand,ns=2;points/PM16$242eActivePowerTotal3,float,20,influxdb
Electrical,Electrical-P4-Cold-Room,Maximum-Demand,ns=2;points/PM25$242ePeakDemand,float,20,influxdb
Electrical,Electrical-P4-Cold-Room,Phase-A-Voltage,ns=2;points/PA1$242eVoltageA$242dB,float,20,influxdb
Electrical,Electrical-P4-Cold-Room,Phase-B-Voltage,ns=2;points/PM1$242eVoltageB$242dN,float,20,influxdb
Electrical,Electrical-P4-Cold-Room,Phase-C-Voltage,ns=2;points/PM1$242eVoltageC$242dN,float,20,influxdb
Electrical,Electrical-P4-Cold-Room,Power-Factor,ns=2;points/PM25$242ePowerFactor,float,20,influxdb
Electrical,Electrical-P4-Cold-Room,Power,ns=2;points/PM25$242eActivePowerTotal1,float,20,influxdb
Electrical,Electrical-Production,AHU-Energy,ns=2;points/PM20$242eEnergy,float,20,influxdb
Electrical,Electrical-Production,AHU-Maximum-Demand,ns=2;points/PM20$242ePeakDemand,float,20,influxdb
Electrical,Electrical-Production,AHU-Power-Factor,ns=2;points/PM20$242ePowerFactor,float,20,influxdb
Electrical,Electrical-Production,AHU-Power,ns=2;points/PM20$242eActivePowerTotal,float,20,influxdb
Electrical,Electrical-Production,Barstacker-Active-Power,ns=2;points/PM46$242eActivePowerTotal,float,20,influxdb
Electrical,Electrical-Production,Barstacker-Energy,ns=2;points/PM46$242eEnergy,float,20,influxdb
Electrical,Electrical-Production,Barstacker-Peak-Demand,ns=2;points/PM46$242ePeakDemand,float,20,influxdb
Electrical,Electrical-Production-Building,Active-Power,ns=2;points/PM2$242eActivePowerTotal3,float,20,influxdb
Electrical,Electrical-Production-Building,Energy,ns=2;points/PM2$242eEnergy3,float,20,influxdb
Electrical,Electrical-Production-Building,Incoming-Energy,ns=2;points/PM14$242eEnergy1,float,20,influxdb
Electrical,Electrical-Production-Building,Incoming-Maximum-Demand,ns=2;points/PM14$242ePeakDemand1,float,20,influxdb
Electrical,Electrical-Production-Building,Incoming-Power-Factor,ns=2;points/PM14$242ePowerFactor,float,20,influxdb
Electrical,Electrical-Production-Building,Incoming-Power,ns=2;points/PM14$242eActivePowerTotal1,float,20,influxdb
Electrical,Electrical-Production-Building,Maximum-Demand,ns=2;points/PM2$242ePeakDemand3,float,20,influxdb
Electrical,Electrical-Production-Building,Power-Factor,ns=2;points/PM2$242ePowerFactor,float,20,influxdb
Electrical,Electrical-Production,Conveyor-1-Active-Power,ns=2;points/PM43$242eActivePowerTotal,float,20,influxdb
Electrical,Electrical-Production,Conveyor-1-Energy,ns=2;points/PM43$242eEnergy,float,20,influxdb
Electrical,Electrical-Production,Conveyor-1-Peak-Demand,ns=2;points/PM43$242ePeakDemand,float,20,influxdb
Electrical,Electrical-Production,Conveyor-2-Active-Power,ns=2;points/PM44$242eActivePowerTotal,float,20,influxdb
Electrical,Electrical-Production,Conveyor-2-Energy,ns=2;points/PM44$242eEnergy,float,20,influxdb
Electrical,Electrical-Production,Conveyor-2-Peak-Demand,ns=2;points/PM44$242ePeakDemand,float,20,influxdb
Electrical,Electrical-Production,FlexLine-Active-Power,ns=2;points/PM42$242eActivePowerTotal,float,20,influxdb
Electrical,Electrical-Production,FlexLine-Energy,ns=2;points/PM42$242eEnergy,float,20,influxdb
Electrical,Electrical-Production,FlexLine-Peak-Demand,ns=2;points/PM42$242ePeakDemand,float,20,influxdb
Electrical,Electrical-Production,Freezer-1-Active-Power,ns=2;points/PM36$242eActivePowerTotal,float,20,influxdb
Electrical,Electrical-Production,Freezer-1-Energy,ns=2;points/PM36$242eEnergy,float,20,influxdb
Electrical,Electrical-Production,Freezer-1-Peak-Demand,ns=2;points/PM36$242ePeakDemand,float,20,influxdb
Electrical,Electrical-Production,Freezer-2-Active-Power,ns=2;points/PM37$242eActivePowerTotal,float,20,influxdb
Electrical,Electrical-Production,Freezer-2-Energy,ns=2;points/PM37$242eEnergy,float,20,influxdb
Electrical,Electrical-Production,Freezer-2-Peak-Demand,ns=2;points/PM37$242ePeakDemand,float,20,influxdb
Electrical,Electrical-Production,Freezer-3-Active-Power,ns=2;points/PM38$242eActivePowerTotal,float,20,influxdb
Electrical,Electrical-Production,Freezer-3-Energy,ns=2;points/PM38$242eEnergy,float,20,influxdb
Electrical,Electrical-Production,Freezer-3-Peak-Demand,ns=2;points/PM38$242ePeakDemand,float,20,influxdb
Electrical,Electrical-Production,Freezer-4-Active-Power,ns=2;points/PM39$242eActivePowerTotal,float,20,influxdb
Electrical,Electrical-Production,Freezer-4-Energy,ns=2;points/PM39$242eEnergy,float,20,influxdb
Electrical,Electrical-Production,Freezer-4-Peak-Demand,ns=2;points/PM39$242ePeakDemand,float,20,influxdb
Electrical,Electrical-Production,GAS-Robot-Active-Power,ns=2;points/PM45$242eActivePowerTotal,float,20,influxdb
Electrical,Electrical-Production,GAS-Robot-Energy,ns=2;points/PM45$242eEnergy,float,20,influxdb
Electrical,Electrical-Production,GAS-Robot-Peak-Demand,ns=2;points/PM45$242ePeakDemand,float,20,influxdb
Electrical,Electrical-Production,HSW-Active-Power,ns=2;points/PM41$242eActivePowerTotal,float,20,influxdb
Electrical,Electrical-Production,HSW-Energy,ns=2;points/PM41$242eEnergy,float,20,influxdb
Electrical,Electrical-Production,HSW-Peak-Demand,ns=2;points/PM41$242ePeakDemand,float,20,influxdb
Electrical,Electrical-Production,Machinery-Energy,ns=2;points/PM29$242eEnergy,float,20,influxdb
Electrical,Electrical-Production,Machinery-Maximum-Demand,ns=2;points/PM29$242ePeakDemand,float,20,influxdb
Electrical,Electrical-Production,Machinery-Power-Factor,ns=2;points/PM29$242ePowerFactor,float,20,influxdb
Electrical,Electrical-Production,Machinery-Power,ns=2;points/PM29$242eActivePowerTotal1,float,20,influxdb
Electrical,Electrical-Production,Tunnel-Active-Power,ns=2;points/PM35$242eActivePowerTotal,float,20,influxdb
Electrical,Electrical-Production,Tunnel-Energy,ns=2;points/PM35$242eEnergy,float,20,influxdb
Electrical,Electrical-Production,Tunnel-Peak-Demand,ns=2;points/PM35$242ePeakDemand,float,20,influxdb
Electrical,Electrical-Production,Versaline-Active-Power,ns=2;points/PM40$242eActivePowerTotal,float,20,influxdb
Electrical,Electrical-Production,Versaline-Energy,ns=2;points/PM40$242eEnergy,float,20,influxdb
Electrical,Electrical-Production,Versaline-Peak-Demand,ns=2;points/PM40$242ePeakDemand,float,20,influxdb
Electrical,Electrical-Refrigeration,Active-Power,ns=2;points/PM6$242eActivePowerTotal3,float,20,influxdb
Electrical,Electrical-Refrigeration,Average-Current,ns=2;points/PM6$242eCurrentAvg3,float,20,influxdb
Electrical,Electrical-Refrigeration,Energy,ns=2;points/PM6$242eEnergy3,float,20,influxdb
Electrical,Electrical-Refrigeration,Peak-Demand,ns=2;points/PM6$242ePeakDemand3,float,20,influxdb
Electrical,Electrical-Refrigeration,Power-Factor,ns=2;points/PM6$242ePowerFactor,float,20,influxdb
Electrical,Electrical-System,Chiller-MCC-Energy,ns=2;points/PM17$242eEnergy1,float,20,influxdb
Electrical,Electrical-System,Chiller-MCC-Maximum-Demand,ns=2;points/PM17$242ePeakDemand1,float,20,influxdb
Electrical,Electrical-System,Chiller-MCC-Power-Factor,ns=2;points/PM17$242ePowerFactor,float,20,influxdb
Electrical,Electrical-System,Chiller-MCC-Power,ns=2;points/PM17$242eActivePowerTotal1,float,20,influxdb
Electrical,Electrical-Transformer-01,Active-Power,ns=2;points/PM5$242eActivePowerTotal3,float,20,influxdb
Electrical,Electrical-Transformer-01,Energy,ns=2;points/PM5$242eEnergy3,float,20,influxdb
Electrical,Electrical-Transformer-01,Frequency,ns=2;points/PA5$242e02MDB01$242eMAIN$2420Frequency,float,20,influxdb
Electrical,Electrical-Transformer-01,Peak-Demand,ns=2;points/PM5$242ePeakDemand3,float,20,influxdb
Electrical,Electrical-Transformer-01,Phase-A-Voltage,ns=2;points/PM5$242eVoltageA$242dN2,float,20,influxdb
Electrical,Electrical-Transformer-01,Phase-B-Voltage,ns=2;points/PM5$242eVoltageB$242dN2,float,20,influxdb
Electrical,Electrical-Transformer-01,Phase-C-Voltage,ns=2;points/PM5$242eVoltageC$242dN2,float,20,influxdb
Electrical,Electrical-Transformer-01,Status,ns=2;points/$24302MDB01CEBBreakerON$242eOFFStatus,float,20,influxdb
Electrical,Electrical-Transformer-01,Trip-Status,ns=2;points/$24302MDB01CEBBreakerTripStatus,float,20,influxdb
Electrical,Electrical-Transformer-02,Active-Power,ns=2;points/PM3$242eActivePowerTotal3,float,20,influxdb
Electrical,Electrical-Transformer-02,Energy,ns=2;points/PM3$242eEnergy3,float,20,influxdb
Electrical,Electrical-Transformer-02,Frequency,ns=2;points/PM3$242e02MDB01$242eMAIN$2420Frequency,float,20,influxdb
Electrical,Electrical-Transformer-02,Maximum-demand,ns=2;points/PM3$242ePeakDemand3,float,20,influxdb
Electrical,Electrical-Transformer-02,Phase-A-Voltage,ns=2;points/PM3$242eVoltageA$242dN2,float,20,influxdb
Electrical,Electrical-Transformer-02,Phase-B-Voltage,ns=2;points/PM3$242eVoltageB$242dN2,float,20,influxdb
Electrical,Electrical-Transformer-02,Phase-C-Voltage,ns=2;points/PM3$242eVoltageC$242dN2,float,20,influxdb
Electrical,Electrical-Transformer-02,Power-factor,ns=2;points/PM3$242ePowerFactor,float,20,influxdb
Electrical,Electrical-Transformer-02,Status,ns=2;points/$24302MDB02CEBBreakerON$242eOFFStatus,float,20,influxdb
Electrical,Electrical-Transformer-02,Trip-Status,ns=2;points/$24302MDB02CEBBreakerTripStatus,float,20,influxdb
Electrical,Electrical-Utility-Building,02SDB01-Energy,ns=2;points/PM10$242eEnergy2,float,20,influxdb
Electrical,Electrical-Utility-Building,02SDB01-Peak-Demand,ns=2;points/PM10$242ePeakDemand2,float,20,influxdb
Electrical,Electrical-Utility-Building,02SDB01-Power-Factor,ns=2;points/PM10$242ePowerFactor,float,20,influxdb
Electrical,Electrical-Utility-Building,AMC101-HVAC-Active-Power,ns=2;points/PM16$242eActivePowerTotal4,float,20,influxdb
Electrical,Electrical-Utility-Building,AMC101-HVAC-Energy,ns=2;points/PM16$242eEnergy3,float,20,influxdb
Electrical,Electrical-Utility-Building,AMC101-HVAC-Peak-Demand,ns=2;points/PM16$242ePeakDemand3,float,20,influxdb
Electrical,Electrical-Utility-Building,Incoming-Active-Power,ns=2;points/PM12$242eActivePowerTotal2,float,20,influxdb
Electrical,Electrical-Utility-Building,Incoming-Energy,ns=2;points/PM12$242eEnergy2,float,20,influxdb
Electrical,Electrical-Utility-Building,Incoming-Peak-Demand,ns=2;points/PM12$242ePeakDemand2,float,20,influxdb
Electrical,Electrical-Utility-Building,LP01-Lighting-Energy,ns=2;points/PM13$242ePeakDemand2,float,20,influxdb
Electrical,Electrical-Utility-Building,LP01-Lighting-Peak-Demand,ns=2;points/PM13$242eEnergy2,float,20,influxdb
Electrical,Electrical-Utility-Building,LP02-Socket-Outlet-Active-Power,ns=2;points/PM14$242eActivePowerTotal3,float,20,influxdb
Electrical,Electrical-Utility-Building,LP02-Socket-Outlet-Energy,ns=2;points/PM14$242ePeakDemand3,float,20,influxdb
Electrical,Electrical-Utility-Building,LP02-Socket-Outlet-Peak-Demand,ns=2;points/PM14$242eEnergy3,float,20,influxdb
Electrical,Electrical-Utility-Building,LP03-HVAC-Active-Power,ns=2;points/PM15$242eActivePowerTotal3,float,20,influxdb
Electrical,Electrical-Utility-Building,LP03-HVAC-Energy,ns=2;points/PM15$242ePeakDemand3,float,20,influxdb
Electrical,Electrical-Utility-Building,LP03-HVAC-Peak-Demand,ns=2;points/PM15$242eEnergy3,float,20,influxdb
Electrical,Electrical-Utility-Building,LP101-Lighting-Active-Power,ns=2;points/PM13$242eActivePowerTotal2,float,20,influxdb
Electrical,Electrical-Water-Treatement-Plant,04SDB01-Active-Power,ns=2;points/PM11$242eActivePowerTotal2,float,20,influxdb
Electrical,Electrical-Water-Treatement-Plant,04SDB01-Energy,ns=2;points/PM11$242eEnergy2,float,20,influxdb
Electrical,Electrical-Water-Treatement-Plant,04SDB01-Peak-Demand,ns=2;points/PM11$242ePeakDemand2,float,20,influxdb
Electrical,Electrical-Water-Treatement-Plant,04SDB01-Power-Factor,ns=2;points/PM11$242ePowerFactor,float,20,influxdb
Electrical,Electrical-Water-Treatement-Plant,05LP1-Contractor-Facility-Demand,ns=2;points/PA4$242eEnergy,float,20,influxdb
Electrical,Electrical-Water-Treatement-Plant,05LP1-Contractor-Facility-Energy,ns=2;points/PA4$242ePeakDemand,float,20,influxdb
Electrical,Electrical-Water-Treatement-Plant,05LP1-Contractor-Facility-Power-Total,ns=2;points/PA4$242eActivePowerTotal,float,20,influxdb
Electrical,Electrical-Water-Treatement-Plant,Energy,ns=2;points/PA1$242eEnergy,float,20,influxdb
Electrical,Electrical-Water-Treatement-Plant,Incoming-Peak-Demand,ns=2;points/PA1$242ePeakDemand,float,20,influxdb
Electrical,Electrical-Water-Treatement-Plant,Incoming-Power-Total,ns=2;points/PA1$242eActivePowerTotal,float,20,influxdb
Electrical,Electrical-Water-Treatement-Plant,LP01-General-Power-Demand,ns=2;points/PA2$242ePeakDemand,float,20,influxdb
Electrical,Electrical-Water-Treatement-Plant,LP01-General-Power-Energy,ns=2;points/PA2$242eEnergy,float,20,influxdb
Electrical,Electrical-Water-Treatement-Plant,LP01-General-Power,ns=2;points/PA2$242eActivePowerTotal,float,20,influxdb
Electrical,Electrical-Water-Treatement-Plant,SNPB101-Raw-Water-Demand,ns=2;points/PA3$242ePeakDemand,float,20,influxdb
Electrical,Electrical-Water-Treatement-Plant,SNPB101-Raw-Water-Energy,ns=2;points/PA3$242eEnergy,float,20,influxdb
Electrical,Electrical-Water-Treatement-Plant,SNPB101-Raw-Water-Power-Total,ns=2;points/PA3$242eActivePowerTotal,float,20,influxdb
Electrical,Electrical-Water-Treatement-Plant,SNPB102-Treatement-Plant2-Demand,ns=2;points/PA6$242ePeakDemand,float,20,influxdb
Electrical,Electrical-Water-Treatement-Plant,SNPB102-Treatement-Plant2-Energy,ns=2;points/PA6$242eEnergy,float,20,influxdb
Electrical,Electrical-Water-Treatement-Plant,SNPB102-Treatement-Plant2-Power-Total,ns=2;points/PA6$242eActivePowerTotal,float,20,influxdb
Electrical,Electrical-Water-Treatement-Plant,SNPB103-Treatement-Plant1-Demand,ns=2;points/PA5$242eEnergy,float,20,influxdb
Electrical,Electrical-Water-Treatement-Plant,SNPB103-Treatement-Plant1-Energy,ns=2;points/PA5$242eActivePowerTotal,float,20,influxdb
Electrical,Electrical-Water-Treatement-Plant,SNPB103-Treatement-Plant1-Power-Total,ns=2;points/PA5$242ePeakDemand,float,20,influxdb
Electrical,Electrical-WWTP,Active-Power,ns=2;points/PM9$242eActivePowerTotal2,float,20,influxdb
Electrical,Electrical-WWTP,Energy,ns=2;points/PM9$242eEnergy2,float,20,influxdb
Electrical,Electrical-WWTP,Maximum-Demand,ns=2;points/PM9$242ePeakDemand2,float,20,influxdb
Electrical,Electrical-WWTP,Power-Factor,ns=2;points/PM9$242ePowerFactor,float,20,influxdb
FillingPacking,Flexline,Air-Pressure,ns=2;points/MainAir_Flexline,float,20,influxdb;mqtt
FillingPacking,Flexline,Alarm,ns=2;points/NoAlarm,float,20,influxdb;mqtt
FillingPacking,Flexline,Flex-Line-Mode,ns=2;points/Mode_0,float,20,influxdb;mqtt
FillingPacking,Flexline,Flex-Line-Status,ns=2;points/packML_state0,float,20,influxdb;mqtt
FillingPacking,Flexline,Lanes-Working,ns=2;points/Lanes,float,20,influxdb;mqtt
FillingPacking,Flexline,Machine,ns=2;points/Status,float,20,influxdb;mqtt
FillingPacking,Flexline,Machine-Speed,ns=2;points/Strokes,float,20,influxdb;mqtt
FillingPacking,Flexline,Power,ns=2;points/MainPower_OK,float,20,influxdb;mqtt
FillingPacking,Flexline,Printer-Left,ns=2;points/Printer_Right,float,20,mqtt
FillingPacking,Flexline,Printer-Right,ns=2;points/Printer_Left,float,20,mqtt
FillingPacking,Flexline,Product-Lanes,ns=2;points/Productline_Dete,float,20,mqtt
FillingPacking,Flexline,Recipe-Name,ns=2;points/ResipenameCharaters,float,20,mqtt
FillingPacking,Flexline,Running-Hours,ns=2;points/Machine_Running_Hours,float,20,influxdb;mqtt
FillingPacking,Flexline,SAM-Air-Pressure,ns=2;points/MainAir_SAM_OK,float,20,influxdb;mqtt
FillingPacking,Versaline,Actual-Machine-Running-Hours,ns=2;points/U01_Machinerunni,float,20,influxdb;mqtt
FillingPacking,Versaline,Actual-Machine-Speed,ns=2;points/U01_Strokes,float,20,influxdb;mqtt
FillingPacking,Versaline,Actual-Recipe-Number,ns=2;points/U01_Recipenumber,float,20,influxdb;mqtt
FillingPacking,Versaline,Equipment_Pointer_X,ns=2;points/Eq_Pointer_X,float,20,mqtt
FillingPacking,Versaline,Equipment_Pointer_Y,ns=2;points/Eq_Pointer_Y,float,20,mqtt
FillingPacking,Versaline,Extractor--Air-Pressure,ns=2;points/U02_T_MainAirOK,float,20,influxdb;mqtt
FillingPacking,Versaline,Extractor-Alarm,ns=2;points/U002_T_Alarm,float,20,influxdb;mqtt
FillingPacking,Versaline,Extractor-Main-Power,ns=2;points/U02_T_MainPowOK,float,20,influxdb;mqtt
FillingPacking,Versaline,Extractor-Mode,ns=2;points/U02_T_Mode0,float,20,influxdb;mqtt
FillingPacking,Versaline,Extractor-Status,ns=2;points/U02TpackML_0,float,20,influxdb;mqtt
FillingPacking,Versaline,HSW-Actual-Machine-Running-Hours,ns=2;points/Machine_Running_1,float,20,influxdb;mqtt
FillingPacking,Versaline,HSW-Actual-Machine-Speed,ns=2;points/Strokes_U_3_HSW,float,20,influxdb;mqtt
FillingPacking,Versaline,HSW-Actual-Recipe-Number,ns=2;points/RecipeNumber_U_3,float,20,influxdb;mqtt
FillingPacking,Versaline,HSW-Alarm,ns=2;points/Mode_5__U3HSW,float,20,influxdb;mqtt
FillingPacking,Versaline,HSW-Main-Power,ns=2;points/Mode_7__U3HSW,float,20,influxdb;mqtt
FillingPacking,Versaline,HSW-Mode,ns=2;points/Mode_0__U3HSW,float,20,influxdb;mqtt
FillingPacking,Versaline,HSW-Status,ns=2;points/packML_State_0_U,float,20,influxdb;mqtt
FillingPacking,Versaline,HSW-Table-Main-Air,ns=2;points/Mode_6__U3HSW,float,20,influxdb;mqtt
FillingPacking,Versaline,Table-Air-Pressure,ns=2;points/U01_T_MainAirOK,float,20,influxdb;mqtt
FillingPacking,Versaline,Table-Alarm,ns=2;points/U001_T_Alarm,float,20,influxdb;mqtt
FillingPacking,Versaline,Table-Mode,ns=2;points/U01_T_Mode0,float,20,influxdb;mqtt
FillingPacking,Versaline,Table-Power,ns=2;points/U01_T_MainPowOK,float,20,influxdb;mqtt
FillingPacking,Versaline,Table-Status,ns=2;points/U01TpackML_0,float,20,influxdb;mqtt
FillingPacking,Versaline,VersaLineTotalFlow,ns=2;points/VersaLineTotalFlow,float,20,influxdb;mqtt
FillingPacking,Versaline,X_PV_Level_Height-1,ns=2;points/X_PVlevel_High01,float,20,mqtt
FillingPacking,Versaline,X_PV_Temperature-1,ns=2;points/X_PV_Tem01,float,20,mqtt
FillingPacking,Versaline,X_PV_Temperature-2,ns=2;points/X_PV_Tem02,float,20,mqtt
FillingPacking,Versaline,X_SET_Level_Height-1,ns=2;points/X_SETlevel_High0,float,20,mqtt
FillingPacking,Versaline,X_SET_Temperature-1,ns=2;points/X_SET_Tem01,float,20,mqtt
FillingPacking,Versaline,X_SET_Temperature-2,ns=2;points/X_SET_Tem02,float,20,mqtt
FillingPacking,Versaline,Y_PV_Temperature-1,ns=2;points/Y_PV_Tem01,float,20,mqtt
FillingPacking,Versaline,Y_PV_Temperature-2,ns=2;points/Y_PV_Tem02,float,20,mqtt
FillingPacking,Versaline,Y_SET_Temperature-1,ns=2;points/Y_SET_Tem01,float,20,mqtt
FillingPacking,Versaline,Y_SET_Temperature-2,ns=2;points/Y_SET_Tem02,float,20,mqtt
Fire,Fire,Jokey-Pump-Status,ns=2;points/JPPump$242eONOFFStatus,float,20,influxdb
Fire,Fire,Main-Pump-Status,ns=2;points/PressurePump01ONOFFStatus,float,20,influxdb
Fire,Fire,Standby-Pump-Status,ns=2;points/PerssurePump02ONOFFStatus,float,20,influxdb
Generator-System,Diesel-Bulk-Tank,High-Level,ns=2;points/BulkTankHighLevel,float,20,influxdb
Generator-System,Diesel-Bulk-Tank,Low-Level,ns=2;points/BulkTankLowLevel,float,20,influxdb
Generator-System,Diesel-Day-Tank,High-Level,ns=2;points/DayTankHighLevel,float,20,influxdb
Generator-System,Diesel-Day-Tank,Low-Level,ns=2;points/DayTankLowLevel,float,20,influxdb
Generator-System,Diesel-Flow-Meter,Diesel-Meter-01,ns=2;points/DieselMeater01Reading,float,20,influxdb
Generator-System,Diesel-Flow-Meter,Diesel-Meter-02,ns=2;points/DieselMeter02Reading,float,20,influxdb
Generator-System,Diesel-Flow-Meter,Total-Diesel-Usage,ns=2;points/TotalDieselUsage,float,20,influxdb
Generator-System,Generator-01,Battery-Voltage,ns=2;points/Gen02BattV,float,20,influxdb
Generator-System,Generator-01,Coolant-Temperature,ns=2;points/Gen02CoolentTemp,float,20,influxdb
Generator-System,Generator-01,Energy,ns=2;points/Gen02Energy,float,20,influxdb
Generator-System,Generator-01,Fuel-Flow-Rate,ns=2;points/Gen02FuelRate,float,20,influxdb
Generator-System,Generator-01,Fuel,ns=2;points/Gen02Fuel,float,20,influxdb
Generator-System,Generator-01,Neutral-Voltage,ns=2;points/Gen02Vn,float,20,influxdb
Generator-System,Generator-01,Oil-Pressure,ns=2;points/Gen02OilP,float,20,influxdb
Generator-System,Generator-01,Phase-A-Voltage,ns=2;points/Gen02VAB,float,20,influxdb
Generator-System,Generator-01,Phase-B-Voltage,ns=2;points/Gen02VBC,float,20,influxdb
Generator-System,Generator-01,Phase-C-Voltage,ns=2;points/Gen02VCA,float,20,influxdb
Generator-System,Generator-01,Runtime,ns=2;points/Gen02Runtime,float,20,influxdb
Generator-System,Generator-01,Starts,ns=2;points/Gen02Starts,float,20,influxdb
Generator-System,Generator-01,Status,ns=2;points/GEN02$242eONOFFStatus,float,20,influxdb
Generator-System,Generator-02,Battery-Voltage,ns=2;points/Gen01BattV,float,20,influxdb
Generator-System,Generator-02,Coolant-Temperature,ns=2;points/Gen01CoolentTemp,float,20,influxdb
Generator-System,Generator-02,Energy,ns=2;points/Gen01Energy,float,20,influxdb
Generator-System,Generator-02,Fuel-Flow-Rate,ns=2;points/Gen01FuelRate,float,20,influxdb
Generator-System,Generator-02,Fuel,ns=2;points/Gen01Fuel,float,20,influxdb
Generator-System,Generator-02,Neutral-Voltage,ns=2;points/Gen01Vn,float,20,influxdb
Generator-System,Generator-02,Oil-Pressure,ns=2;points/Gen01OilP,float,20,influxdb
Generator-System,Generator-02,Phase-A-Voltage,ns=2;points/Gen01VAB,float,20,influxdb
Generator-System,Generator-02,Phase-B-Voltage,ns=2;points/Gen01VBC,float,20,influxdb
Generator-System,Generator-02,Phase-C-Voltage,ns=2;points/Gen01VCA,float,20,influxdb
Generator-System,Generator-02,Runtime,ns=2;points/Gen01Runtime,float,20,influxdb
Generator-System,Generator-02,Starts,ns=2;points/Gen01Starts,float,20,influxdb
Generator-System,Generator-02,Status,ns=2;points/GEN01$242eONOFFStatus,float,20,influxdb
HVAC,AHU102-Chocolate-Plant,Chilled-Water-Valve-Actual,ns=2;points/AHU102$242eCWvalveFB,float,20,influxdb
HVAC,AHU102-Chocolate-Plant,Chilled-Water-Valve-Control,ns=2;points/AHU102$242eCWValveControl,float,20,influxdb
HVAC,AHU102-Chocolate-Plant,Filter-Status,ns=2;points/AHU102$242eFilterStatus,float,20,influxdb
HVAC,AHU102-Chocolate-Plant,Set-Temperature,ns=2;points/AHU102$242eSetTemp,float,20,influxdb
HVAC,AHU102-Chocolate-Plant,Space-Air-Temperature,ns=2;points/AHU102$242eSpaceAirTemp,float,20,influxdb
HVAC,AHU102-Chocolate-Plant,Status,ns=2;points/AHU102$242eONOFFStatus,float,20,influxdb
HVAC,AHU102-Chocolate-Plant,Trip-Status,ns=2;points/AHU102$242eTripStatus,float,20,influxdb
HVAC,AHU-104-QA-QC-Lab,Chilled-Water-Valve-Actual,ns=2;points/AHU103$242eCWValveFB,float,20,influxdb
HVAC,AHU-104-QA-QC-Lab,Chilled-Water-Valve-Control,ns=2;points/AHU103$242eCWValveControl,float,20,influxdb
HVAC,AHU-104-QA-QC-Lab,Filter-Status,ns=2;points/AHU103$242eFilterStatus,float,20,influxdb
HVAC,AHU-104-QA-QC-Lab,Set-Temperature,ns=2;points/AHU103$242eSetTemp,float,20,influxdb
HVAC,AHU-104-QA-QC-Lab,Space-Air-Temperature,ns=2;points/AHU103$242eSpaceAirTemp,float,20,influxdb
HVAC,AHU-104-QA-QC-Lab,Status,ns=2;points/AHU103$242eONOFFStatus,float,20,influxdb
HVAC,AHU-104-QA-QC-Lab,Trip-Status,ns=2;points/AHU103$242eTripStatus,float,20,influxdb
HVAC,AHU-108-Production,Chilled-Water-Valve-Actual,ns=2;points/AHU108$242eCWValveFB,float,20,influxdb
HVAC,AHU-108-Production,Chilled-Water-Valve-Control,ns=2;points/AHU108$242eCWValveControl,float,20,influxdb
HVAC,AHU-108-Production,Filter-Status,ns=2;points/AHU108$242eFilterStatus,float,20,influxdb
HVAC,AHU-108-Production,Set-Temperature,ns=2;points/AHU108$242eSetTemp,float,20,influxdb
HVAC,AHU-108-Production,Space-Air-Temperature,ns=2;points/AHU108$242eSpaceAirTemp,float,20,influxdb
HVAC,AHU-108-Production,Status,ns=2;points/AHU108$242eONOFFStatus,float,20,influxdb
HVAC,AHU-108-Production,Trip-Status,ns=2;points/AHU108$242eTripStatus,float,20,influxdb
HVAC,AHU-110-Reception,Chilled-Water-Valve-Actual,ns=2;points/AHU110$242eCWValveFB,float,20,influxdb
HVAC,AHU-110-Reception,Chilled-Water-Valve-Control,ns=2;points/AHU110$242eCWValveControl,float,20,influxdb
HVAC,AHU-110-Reception,Filter-Status,ns=2;points/AHU110$242eFilterStatus,float,20,influxdb
HVAC,AHU-110-Reception,Set-Temperature,ns=2;points/AHU110$242eSetTemp,float,20,influxdb
HVAC,AHU-110-Reception,Space-Air-Temperature,ns=2;points/AHU110$242eSpaceAirTemp,float,20,influxdb
HVAC,AHU-110-Reception,Status,ns=2;points/AHU110$242eONOFFStatus,float,20,influxdb
HVAC,AHU-110-Reception,Trip-Status,ns=2;points/AHU110$242eTripStatus,float,20,influxdb
HVAC,Chilled-Water-Pump-01,Auto-Manual-Status,ns=2;points/AutoManualStatus1,float,20,influxdb
HVAC,Chilled-Water-Pump-01,Frequency,ns=2;points/OutPutFrequency,float,20,influxdb
HVAC,Chilled-Water-Pump-01,Status,ns=2;points/ONOFFStatus2,float,20,influxdb
HVAC,Chilled-Water-Pump-01,Trip-Status,ns=2;points/TripStatus2,float,20,influxdb
HVAC,Chilled-Water-Pump-02,Auto-Manual-Status,ns=2;points/AutoManualStatus2,float,20,influxdb
HVAC,Chilled-Water-Pump-02,Frequency,ns=2;points/OutPutFrequency1,float,20,influxdb
HVAC,Chilled-Water-Pump-02,Status,ns=2;points/ONOFFStatus3,float,20,influxdb
HVAC,Chilled-Water-Pump-02,Trip-Status,ns=2;points/TripStatus3,float,20,influxdb
HVAC,Chilled-Water-Pump-03,Auto-Manual-Status,ns=2;points/AutoManualStatus3,float,20,influxdb
HVAC,Chilled-Water-Pump-03,Frequency,ns=2;points/OutPutFrequency2,float,20,influxdb
HVAC,Chilled-Water-Pump-03,Status,ns=2;points/ONOFFStatus4,float,20,influxdb
HVAC,Chilled-Water-Pump-03,Trip-Status,ns=2;points/TripStatus4,float,20,influxdb
HVAC,Chilled-Water-Pump-Header,Differencial-Pressure-Set-Point,ns=2;points/MS$242dNAE451L$242d2$242eField$2420Bus$2420MSTP1$242eDDC1$242dcms$242eDP$242dSP,float,20,influxdb
HVAC,Chilled-Water-Pump-Header,Differential-Pressure,ns=2;points/CHWDifferentialPressure,float,20,influxdb
HVAC,Chilled-Water-Pump-Header,Return-Pressure,ns=2;points/CHWReturnPressure,float,20,influxdb
HVAC,Chilled-Water-Pump-Header,Supply-Pressure,ns=2;points/CHWSupplyPressure,float,20,influxdb
HVAC,Chiller-01,Auto-Manual-Status,ns=2;points/MS$242dNAE451L$242d2$242eField$2420Bus$2420MSTP1$242eDDC1$242dcms$242eCH2$242dAM$242dS1,float,20,influxdb
HVAC,Chiller-01,Capacity,ns=2;points/CHCapacity1,float,20,influxdb
HVAC,Chiller-01,Chilled-Water-Entering-Temp,ns=2;points/CHWETemp,float,20,influxdb
HVAC,Chiller-01,Chilled-Water-Leaving-Temp,ns=2;points/CHWLTemp,float,20,influxdb
HVAC,Chiller-01,Chilled-Water-Setpoint,ns=2;points/CHWSetPoint,float,20,influxdb
HVAC,Chiller-01,CMS-Control-Selection,ns=2;points/MS$242dNAE451L$242d2$242eField$2420Bus$2420MSTP1$242eDDC1$242dcms$242eCH2$242dC1,float,20,influxdb
HVAC,Chiller-01,Compressor-Discharge-Temp,ns=2;points/CompDischargeTemp,float,20,influxdb
HVAC,Chiller-01,Condensed-Water-Entering-Temp,ns=2;points/CWETemp,float,20,influxdb
HVAC,Chiller-01,Condensed-Water-Leaving-Temp,ns=2;points/CWLTemp,float,20,influxdb
HVAC,Chiller-01,Condenser-Refrigerent-Pressure,ns=2;points/CondRefrPresure,float,20,influxdb
HVAC,Chiller-01,Demand-Limit-Set-Point,ns=2;points/DemandLimit,float,20,influxdb
HVAC,Chiller-01,Evaporator-Pressure,ns=2;points/EvpPresure,float,20,influxdb
HVAC,Chiller-01,Running-Time,ns=2;points/RunningTime,float,20,influxdb
HVAC,Chiller-01,Status,ns=2;points/ONOFFStatus,float,20,influxdb
HVAC,Chiller-01,Trip-Status,ns=2;points/TripStatus1,float,20,influxdb
HVAC,Chiller-02,Auto-Manual-Status,ns=2;points/AutoManualStatus,float,20,influxdb
HVAC,Chiller-02,Capacity,ns=2;points/CHCapacity,float,20,influxdb
HVAC,Chiller-02,Chilled-Water-Entering-Temp,ns=2;points/CHWETemp1,float,20,influxdb
HVAC,Chiller-02,Chilled-Water-Leaving-Temp,ns=2;points/CHWLTemp1,float,20,influxdb
HVAC,Chiller-02,Chilled-Water-Setpoint,ns=2;points/CHWSetpoint,float,20,influxdb
HVAC,Chiller-02,CMS-Control-Selection,ns=2;points/MS$242dNAE451L$242d2$242eField$2420Bus$2420MSTP1$242eDDC1$242dcms$242eCH2$242dC,float,20,influxdb
HVAC,Chiller-02,Compressor-Discharge-Temp,ns=2;points/CompDischargePresure,float,20,influxdb
HVAC,Chiller-02,Condensed-Water-Entering-Temp,ns=2;points/CWETemp1,float,20,influxdb
HVAC,Chiller-02,Condensed-Water-Leaving-Temp,ns=2;points/CWLTemp1,float,20,influxdb
HVAC,Chiller-02,Condenser-Refrigerent-Pressure,ns=2;points/CondRefrPresure1,float,20,influxdb
HVAC,Chiller-02,Demand-Limit-Set-Point,ns=2;points/DemandLimitSetPoint,float,20,influxdb
HVAC,Chiller-02,Evaporator-Pressure,ns=2;points/EvpPresure1,float,20,influxdb
HVAC,Chiller-02,Running-Time,ns=2;points/RunningTime1,float,20,influxdb
HVAC,Chiller-02,Status,ns=2;points/ONOFFStatus1,float,20,influxdb
HVAC,Chiller-02,Trip-Status,ns=2;points/TripStatus,float,20,influxdb
HVAC,Condence-Water-Pump-01,Auto-Manual-Status,ns=2;points/AutoManualStatus4,float,20,influxdb
HVAC,Condence-Water-Pump-01,Status,ns=2;points/ONOFFStatus5,float,20,influxdb
HVAC,Condence-Water-Pump-01,Trip-Status,ns=2;points/TripStatus5,float,20,influxdb
HVAC,Condence-Water-Pump-02,Auto-Manual-Status,ns=2;points/AutoManualStatus5,float,20,influxdb
HVAC,Condence-Water-Pump-02,Status,ns=2;points/ONOFFStatus6,float,20,influxdb
HVAC,Condence-Water-Pump-02,Trip-Status,ns=2;points/TripStatus6,float,20,influxdb
HVAC,Condence-Water-Pump-03,Auto-Manual-Status,ns=2;points/AutoManualStatus6,float,20,influxdb
HVAC,Condence-Water-Pump-03,Status,ns=2;points/ONOFFStatus7,float,20,influxdb
HVAC,Condence-Water-Pump-03,Trip-Status,ns=2;points/TripStatus7,float,20,influxdb
HVAC,Cooling-Tower-01,Auto-Manual-Status,ns=2;points/AutoManualStatus7,float,20,influxdb
HVAC,Cooling-Tower-01,Capacity,ns=2;points/CT1$242dO1,float,20,influxdb
HVAC,Cooling-Tower-01,Condensed-Water-In,ns=2;points/CWS$242dT,float,20,influxdb
HVAC,Cooling-Tower-01,Condensed-Water-Return,ns=2;points/CWR$242dT,float,20,influxdb
HVAC,Cooling-Tower-01,Fault,ns=2;points/MS$242dNAE451L$242d2$242eField$2420Bus$2420MSTP1$242eDDC1$242dcms$242eCT1$242dFault$242dA,float,20,influxdb
HVAC,Cooling-Tower-01,Spare-1,ns=2;points/OutPutFrequency3,float,20,influxdb
HVAC,Cooling-Tower-01,Spare-2,ns=2;points/CT1$242dO,float,20,influxdb
HVAC,Cooling-Tower-01,Status,ns=2;points/ONOFFStatus8,float,20,influxdb
HVAC,Cooling-Tower-01,Trip-Status,ns=2;points/TripStatus8,float,20,influxdb
HVAC,Cooling-Tower-02,Capacity,ns=2;points/CT2$242dO,float,20,influxdb
HVAC,Cooling-Tower-02,Condense-Water-In,ns=2;points/CWS$242dT1,float,20,influxdb
HVAC,Cooling-Tower-02,Condense-Water-Return,ns=2;points/CWR$242dT1,float,20,influxdb
HVAC,Cooling-Tower-02,Fault,ns=2;points/MS$242dNAE451L$242d2$242eField$2420Bus$2420MSTP1$242eDDC1$242dcms$242eCT2$242dFault$242dA,float,20,influxdb
HVAC,Cooling-Tower-02,Spare-1,ns=2;points/OutPutFrequency4,float,20,influxdb
HVAC,Cooling-Tower-02,Spare-2,ns=2;points/CT2$242dO1,float,20,influxdb
HVAC,Cooling-Tower-02,Status,ns=2;points/ONOFFStatus9,float,20,influxdb
HVAC,Cooling-Tower-02,Trip-Status,ns=2;points/TripStatus9,float,20,influxdb
HVAC,OAHU101-Production,Chilled-Water-Valve-Actual,ns=2;points/OAHU101$242eCWValveFB,float,20,influxdb
HVAC,OAHU101-Production,Chilled-Water-Valve-Control,ns=2;points/OAHU101$242eValveControl,float,20,influxdb
HVAC,OAHU101-Production,Filter-Status,ns=2;points/OAHU101$242eFiltorStatus,float,20,influxdb
HVAC,OAHU101-Production,Set-Temperature,ns=2;points/OAHU101$242eSetTemp,float,20,influxdb
HVAC,OAHU101-Production,Space-Air-Temperature,ns=2;points/OAHU101$242eSpaceAirTemp,float,20,influxdb
HVAC,OAHU101-Production,Status,ns=2;points/OAHU101$242eON$242eOFFstatus,float,20,influxdb
HVAC,OAHU101-Production,Trip-Status,ns=2;points/OAHU101$242eTripStatus,float,20,influxdb
HVAC,OAHU102-Cone-Bakery,Chilled-Water-Valve-Actual,ns=2;points/OAHU102$242eValveControl,float,20,influxdb
HVAC,OAHU102-Cone-Bakery,Filter-Status,ns=2;points/OAHU102$242eFilterStatus,float,20,influxdb
HVAC,OAHU102-Cone-Bakery,Set-Temperature,ns=2;points/OAHU102$242eSetTemp,float,20,influxdb
HVAC,OAHU102-Cone-Bakery,Space-Air-Temperature,ns=2;points/OAHU102$242eSpaceAirTemp,float,20,influxdb
HVAC,OAHU102-Cone-Bakery,Status,ns=2;points/OAHU102$242eONOFFStatus,float,20,influxdb
HVAC,OAHU102-Cone-Bakery,Trip-Status,ns=2;points/OAHU102$242eTripStatus,float,20,influxdb
HVAC,System,Chilled-Water-Return-Temp,ns=2;points/CHW_ReturnTemp,float,20,influxdb
HVAC,System,Chilled-Water-Supply-Temp,ns=2;points/CHW_SupplyTemp,float,20,influxdb
HVAC,System,Chiller-01-Load,ns=2;points/MS$242dNAE451L$242d2$242eField$2420Bus$2420MSTP1$242eDDC1$242dcms$242eCH1$242dLoad,float,20,influxdb
HVAC,System,Chiller-02-Load,ns=2;points/MS$242dNAE451L$242d2$242eField$2420Bus$2420MSTP1$242eDDC1$242dcms$242eCH2$242dLoad,float,20,influxdb
HVAC,System,Chiller-Set-Point,ns=2;points/CHWST$242dSP,float,20,influxdb
HVAC,System,Condensed-Water-ReturnTemp,ns=2;points/CW_ReturnTemp,float,20,influxdb
HVAC,System,Condensed-Water-Supply-Temp,ns=2;points/CW_SupplyTemp,float,20,influxdb
HVAC,System,Relative-Humidity,ns=2;points/OA$242dH,float,20,influxdb
HVAC,System,Spare-1,ns=2;points/MS$242dNAE451L$242d2$242eBACnet$2420IP1$242eDevice$242d4173541$242eAnalog$2420Values$242eAV$242d30412,float,20,influxdb
Mixing-Plant,Aging-Section,Tank-1-Temperature,ns=2;points/AS_AT1Temp,float,20,influxdb
Mixing-Plant,Aging-Section,Tank-2-Temperature,ns=2;points/AS_AT2Temp,float,20,influxdb
Mixing-Plant,Aging-Section,Tank-3-Temperature,ns=2;points/AS_AT3Temp,float,20,influxdb
Mixing-Plant,Aging-Section,Tank-4-Temperature,ns=2;points/AS_AT4Temp,float,20,influxdb
Mixing-Plant,Aging-Section,Tank-5-Temperature,ns=2;points/AS_AT5Temp,float,20,influxdb
Mixing-Plant,Aging-Section,Tank-6-Temperature,ns=2;points/AS_AT6Temp,float,20,influxdb
Mixing-Plant,Aging-Section,Tank-7-Temperature,ns=2;points/AS_AT7Temp,float,20,influxdb
Mixing-Plant,Aging-Section,Tank-8-Temperature,ns=2;points/AS_AT8Temp,float,20,influxdb
Mixing-Plant,Hot-Water-Section,Supply-Water-Temp,ns=2;points/HWS_HWSupplyTemp,float,20,influxdb
Mixing-Plant,IC-Pasturiser,Chilled-Water-Supply-Temp,ns=2;points/ICP_CWSupplyTemp,float,20,influxdb
Mixing-Plant,IC-Pasturiser,Hot-Water-Return-Temp,ns=2;points/ICP_HWReturnTemp,float,20,influxdb
Mixing-Plant,IC-Pasturiser,Hot-Water-Supply-Temp,ns=2;points/ICP_HWSupplyTemp,float,20,influxdb
Mixing-Plant,IC-Pasturiser,Pasturizer-Current-Flow,ns=2;points/Pasturizer_Flow$2420,float,20,influxdb
Mixing-Plant,IC-Pasturiser,Pasturizer-Total-Flow,ns=2;points/Pasturizer_acc,float,20,influxdb
Mixing-Plant,IC-Pasturiser,Process-Water-Supply-Temp,ns=2;points/ICP_PWSupplyTemp,float,20,influxdb
Mixing-Plant,IC-Pasturiser,Recipe,ns=2;points/Past_Line_Mat,float,20,influxdb
Mixing-Plant,IC-Pasturiser,Tower-Water-Return-Temp,ns=2;points/ICP_TWSupplyTemp,float,20,influxdb
Mixing-Plant,IC-Pasturiser,Tower-Water-Supply-Temp,ns=2;points/ICP_TWTSupplyTem,float,20,influxdb
Mixing-Plant,Mix-Preparation,Hot-Water-Temperature,ns=2;points/MP_HWTemp,float,20,influxdb
Mixing-Plant,Mix-Preparation,Recipe-in-Tank-1,ns=2;points/Mix_Tank1_Mat,float,20,influxdb
Mixing-Plant,Mix-Preparation,Recipe-in-Tank-2,ns=2;points/Mix_Tank2_Mat,float,20,influxdb
Mixing-Plant,Mix-Preparation,Steam-Valve-Status,ns=2;points/MP_SteamIVStatus,float,20,influxdb
Mixing-Plant,Raw-Milk-Thermisation,Chilled-Water-Valve-Status,ns=2;points/RMT_CHWIVStatus,float,20,influxdb
Mixing-Plant,Raw-Milk-Thermisation,Hot-Water-Temperature,ns=2;points/RMT_HWTemp,float,20,influxdb
Mixing-Plant,Raw-Milk-Thermisation,Tank-1-Temperature,ns=2;points/RMT_RMST1Temp,float,20,influxdb
Mixing-Plant,Raw-Milk-Thermisation,Tank-2-Temperature,ns=2;points/RMT_RMST2Temp,float,20,influxdb
Production-Building,Cold-Room,Cold-Room-Temperature,ns=2;points/CoolRoomTemp,float,20,influxdb
Production-Building,Cone-Bakery,Gas-Valve-Status,ns=2;points/GasValveStatus,float,20,influxdb
Production-Building,Cone-Bakery,LP-Gas-Leakage-Level,ns=2;points/ConeBeakingGasLevelStatus,float,20,influxdb
Production-Building,Hot-water-system,Pump-1-Status,ns=2;points/HWP01$242eONOFFStatus,float,20,influxdb
Production-Building,Hot-water-system,Pump-1-Trip-Status,ns=2;points/HWP01$242eTripStatus,float,20,influxdb
Production-Building,Hot-water-system,Pump-2-Status,ns=2;points/HWP02$242eONOFFStatus,float,20,influxdb
Production-Building,Hot-water-system,Pump-2-Trip-Status,ns=2;points/HWP02$242eTripStatus,float,20,influxdb
Production-Building,Hot-water-system,Supply-Temperature,ns=2;points/HW$2420Supply$2420Temp,float,20,influxdb
#section,device,reading,node,type,freq,output
Sludge-Pumps,Sludge-Pumps,Sludge-Pump-01-Status,ns=2;points/Sp01ONOFFStatus,float,20,influxdb
Sludge-Pumps,Sludge-Pumps,Sludge-Pump-01-Trip-Status,ns=2;points/Sp01TripStatus,float,20,influxdb
Sludge-Pumps,Sludge-Pumps,Sludge-Pump-02-Status,ns=2;points/Sp02ONOFFStatus,float,20,influxdb
Sludge-Pumps,Sludge-Pumps,Sludge-Pump-02-Trip-Status,ns=2;points/Sp02TripStatus,float,20,influxdb
Sludge-Pumps,Sludge-Pumps,Sludge-Pump-03-Status,ns=2;points/SP03$242eONOFFStatus,float,20,influxdb
Sludge-Pumps,Sludge-Pumps,Sludge-Pump-03-Trip-Status,ns=2;points/sp03$242eTripStatus,float,20,influxdb
Sludge-Pumps,Sludge-Pumps,Sludge-Pump-04-Status,ns=2;points/SP04$242eONOFFStatus,float,20,influxdb
Sludge-Pumps,Sludge-Pumps,Sludge-Pump-04-Trip-Status,ns=2;points/sp04$242eTripStatus,float,20,influxdb
Sludge-Pumps,Sludge-Pumps,Sludge-Pump-05-Status,ns=2;points/SP05$242eONOFFStatus,float,20,influxdb
Sludge-Pumps,Sludge-Pumps,Sludge-Pump-05-Trip-Status,ns=2;points/sp05$242eTripStatus,float,20,influxdb
Sludge-Pumps,Sludge-Pumps,Sludge-Pump-06-Status,ns=2;points/sp06$242eTripStatus,float,20,influxdb
Sludge-Pumps,Sludge-Pumps,Sludge-Pump-06-Trip-Status,ns=2;points/SP06$242eONOFFStatus,float,20,influxdb
Sludge-Pumps,Sludge-Pumps,Sludge-Pump-07-Status,ns=2;points/SP07$242eONOFFStatus,float,20,influxdb
Sludge-Pumps,Sludge-Pumps,Sludge-Pump-07-Trip-Status,ns=2;points/sp07$242eTripStatus,float,20,influxdb
Sludge-Pumps,Sludge-Pumps,Sludge-Pump-08-Status,ns=2;points/SP08$242eONOFFStatus,float,20,influxdb
Sludge-Pumps,Sludge-Pumps,Sludge-Pump-08-Trip-Status,ns=2;points/sp08$242eTripStatus,float,20,influxdb
Transformer,Diesel-Pump,Diesel-Pump-01-Status,ns=2;points/DiselPump01ONOFFControl,float,20,influxdb
Transformer,Diesel-Pump,Diesel-Pump-02-Status,ns=2;points/DiselPump02ONOFFControl,float,20,influxdb
Transformer,Transformer-01,Fan-In-Operation,ns=2;points/TR01$242eFanRunningStatus,float,20,influxdb
Transformer,Transformer-01,Over-Temprature,ns=2;points/TR01$242eOverTemperature,float,20,influxdb
Transformer,Transformer-01,Phase-A-Tempraature,ns=2;points/Tr1$242eA$2420PhaseTemp,float,20,influxdb
Transformer,Transformer-01,Phase-B-Tempraature,ns=2;points/Tr1$242eB$2420PhaseTemp,float,20,influxdb
Transformer,Transformer-01,Phase-C-Tempraature,ns=2;points/Tr1$242eC$2420PhaseTemp,float,20,influxdb
Transformer,Transformer-01,Trip-Status,ns=2;points/TR01$242eTripStatus,float,20,influxdb
Transformer,Transformer-02,Fan-In-Operation,ns=2;points/TR02$242eFanRunningStatus,float,20,influxdb
Transformer,Transformer-02,Over-Temprature,ns=2;points/TR2$242eOverTemperature,float,20,influxdb
Transformer,Transformer-02,Phase-A-Tempraature,ns=2;points/Tr2$242eA$2420PhaseTemp,float,20,influxdb
Transformer,Transformer-02,Phase-B-Tempraature,ns=2;points/Te2$242eB$2420PhaseTemp,float,20,influxdb
Transformer,Transformer-02,Phase-C-Tempraature,ns=2;points/Tr2$242eC$2420PhaseTemp,float,20,influxdb
Transformer,Transformer-02,Trip-Status,ns=2;points/TR2$242eTripStatus,float,20,influxdb
WTP,Discharge-Pump-01,Status,ns=2;points/DischargePump01ONOFFStatus,float,20,influxdb
WTP,Discharge-Pump-01,Trip-Status,ns=2;points/DischargePump01TripStatus,float,20,influxdb
WTP,Discharge-Pump-02,Status,ns=2;points/DischargePump02ONOFFStatus,float,20,influxdb
WTP,Discharge-Pump-02,Trip-Status,ns=2;points/DischargePump02TripStatus,float,20,influxdb
WTP,Discharge-Pump-03,Status,ns=2;points/DischargePump03ONOFFStatus,float,20,influxdb
WTP,Discharge-Pump-03,Trip-Status,ns=2;points/DischargePump03TripStatus,float,20,influxdb
WTP,Discharge-Pump-04,Status,ns=2;points/DischargePump04ONOFFStatus,float,20,influxdb
WTP,Discharge-Pump-04,Trip-Status,ns=2;points/DischargePump04TripStatus,float,20,influxdb
WTP,Feed-Water-Pump-01,Status,ns=2;points/Feed$2420Pump01ONOFFStatus,float,20,influxdb
WTP,Feed-Water-Pump-01,Trip-Status,ns=2;points/FeedPump01TripStatus,float,20,influxdb
WTP,Feed-Water-Pump-02,Status,ns=2;points/FeedPump02ONOFFStatus,float,20,influxdb
WTP,Feed-Water-Pump-02,Trip-Status,ns=2;points/FeedPump02TripStatus,float,20,influxdb
WTP,Process-Water-Tank-01,Low-Level,ns=2;points/FeedTankLowLevel,float,20,influxdb
WTP,Process-Water-Tank-02,Low-Level,ns=2;points/FeedTankLowLevel1,float,20,influxdb
WTP,Raw-Water-Pump-01,Status,ns=2;points/AP1$242eONOFFStatus,float,20,influxdb
WTP,Raw-Water-Pump-01,Trip-Status,ns=2;points/AP1$242eTRIPStatus,float,20,influxdb
WTP,Raw-Water-Pump-02,Status,ns=2;points/AP2$242eONOFFStatus,float,20,influxdb
WTP,Raw-Water-Pump-02,Trip-Status,ns=2;points/AP2$242eTRIPStatus,float,20,influxdb
WTP,Raw-Water-Pump-03,Status,ns=2;points/AP3$242eONOFFStatus,float,20,influxdb
WTP,Raw-Water-Pump-03,Trip-Status,ns=2;points/AP3$242eTRIPStatus,float,20,influxdb
WTP,Water-Sump,High-Level,ns=2;points/WaterTankHIGHLevel,float,20,influxdb
WTP,Water-Sump,Low-Level,ns=2;points/WaterLowLevel,float,20,influxdb
WTP,Water-Sump,Middle-Level,ns=2;points/WaterTankMeddleLevel,float,20,influxdb
WTP,Water-Treatment-Plant,Flow-Rate,ns=2;points/FlowRate,float,20,influxdb
WTP,Water-Treatment-Plant,PH,ns=2;points/PHVlave,float,20,influxdb
WTP,Water-Treatment-Plant,Pressure,ns=2;points/Pressure,float,20,influxdb
WTP,Water-Treatment-Plant,UV-Status,ns=2;points/UVONOFFStatus,float,20,influxdb
WTP,Water-Treatment-Plant,Water-Consumption,ns=2;points/WTPWaterConsumption,float,20,influxdb
WWTP,Aertor-01,Status,ns=2;points/Aertor01ONOFFStatus,float,20,influxdb
WWTP,Aertor-01,Trip-Status,ns=2;points/Aertor01TripStatus,float,20,influxdb
WWTP,Aertor-02,Status,ns=2;points/Aertor02ONOFFStatus,float,20,influxdb
WWTP,Aertor-02,Trip-Status,ns=2;points/Aertor02TripStatus,float,20,influxdb
WWTP,Aertor-03,Status,ns=2;points/Aertor03ONOFFStatus,float,20,influxdb
WWTP,Aertor-03,Trip-Status,ns=2;points/Aertor03TripStatus,float,20,influxdb
WWTP,Caustic-Pump,Status,ns=2;points/causticPumpONOFFStatus,float,20,influxdb
WWTP,Caustic-Pump,Trip-Status,ns=2;points/causticPumpTripStatus,float,20,influxdb
WWTP,DAF,Status,ns=2;points/DAFONOFFStatus,float,20,influxdb
WWTP,Equalization-Tank,High-Level,ns=2;points/EqulizationTankHighLevel,float,20,influxdb
WWTP,Equalization-Tank,Low-Level,ns=2;points/EqulizationTankLowLevel,float,20,influxdb
WWTP,Feed-Pump-01,Status,ns=2;points/FeedPump01ONOFFStatus,float,20,influxdb
WWTP,Feed-Pump-01,Trip-Status,ns=2;points/FeedPump01TripStatus1,float,20,influxdb
WWTP,Feed-Pump-02,Status,ns=2;points/FeedPump02ONOFFStatus1,float,20,influxdb
WWTP,Feed-Pump-02,Trip-Status,ns=2;points/FeedPump02TripStatus1,float,20,influxdb
WWTP,Mechanical-Bar-Screen,Status,ns=2;points/MechanicalBarScreenONOFFStatus,float,20,influxdb
WWTP,Mechanical-Bar-Screen,Trip-Status,ns=2;points/MechanicalBarScreenTripStatus,float,20,influxdb
WWTP,Pump-Pit,High-Level,ns=2;points/PumpPitHighLevel,float,20,influxdb
WWTP,Pump-Pit,Low-Level,ns=2;points/PumpPitLowLevel,float,20,influxdb
WWTP,Pump-Pit,Pump-Status,ns=2;points/PumpPitPumpONOFFStatus,float,20,influxdb
WWTP,Pump-Pit,Pump-Trip-Status,ns=2;points/PumpPitPumpTripStatus,float,20,influxdb
WWTP,Sludge-Return-Pump,Status,ns=2;points/SludgeReturnPumpONOFFStatus,float,20,influxdb
WWTP,Sludge-Return-Pump,Trip-Status,ns=2;points/SludgeReturnPumpTripStatus,float,20,influxdb
WWTP,Treated-Water-Pump-01,Status,ns=2;points/TreatedWaterDischargePump01ONOFFstatus,float,20,influxdb
WWTP,Treated-Water-Pump-01,Trip-Status,ns=2;points/TreatedWaterDischargePump01Tripstatus,float,20,influxdb
WWTP,Treated-Water-Pump-02,Status,ns=2;points/TreatedWaterDischargePump02ONOFFstatus,float,20,influxdb
WWTP,Treated-Water-Pump-02,Trip-Status,ns=2;points/TreatedWaterDischargePump02Tripstatus,float,20,influxdb
WWTP,Treated-Water-Tank,High-Level,ns=2;points/TreatedWaterTankLowLevel,float,20,influxdb
WWTP,Treated-Water-Tank,Low-Level,ns=2;points/TreatedWaterTankHighLevel,float,20,influxdb
WWTP,Ventilation-Blower,Status,ns=2;points/VentilationBlowerONOFFStatus,float,20,influxdb
WWTP,Ventilation-Blower,Trip-Status,ns=2;points/VentilationBlowerTripStatus,float,20,influxdb
